name,link,popularity,service_level,latency,test,category,subscribers,version,description,website,created,updated,reviewers,creator_name,pricing_basic,pricing_basic_requests,pricing_basic_features,pricing_basic_rate_limit,pricing_pro,pricing_pro_requests,pricing_pro_features,pricing_pro_rate_limit,pricing_ultra,pricing_ultra_requests,pricing_ultra_features,pricing_ultra_rate_limit,pricing_mega,pricing_mega_requests,pricing_mega_features,pricing_mega_rate_limit
Instagram Scraper 2023,https://rapidapi.com/Instagapicom/api/instagram-scraper-20231,9.9,100%,2258ms,100%,Social,4041,v1,Fast Live Instagram API. All information from Instagram consistently and quickly! It makes 3 times in the backend request for you to get 100% successful response. Need help or custom plan? https://www.instagapi.com - https://t.me/instagapi,https://www.instagapi.com,,2024-09-27 15:10:15.517218+00:00,32,Instagapicom,$0.00/mo,Requests - 50 / Month - Hard Limit,,1000 requests per hour,$9.90/mo,"Requests - 3,000 / Month - Hard Limit",,60 requests per minute,$54.90/mo,"Requests - 40,000 / Month - + $0.0026",,100 requests per minute,$129.00/mo,"Requests - 140,000 / Month - + $0.0018",,125 requests per minute
Tank01 NFL Live In-Game Real Time Statistics NFL,https://rapidapi.com/tank01/api/tank01-nfl-live-in-game-real-time-statistics-nfl,9.9,100%,227ms,100%,Sports,1435,v1,"NFL Live, In-Game Fantasy Stats - NFL (National Football League). Delivering Accurate Real Time Game Statistics. Play By Play, ADP (Average Draft Position), Updated Rosters/Player Information, Current Schedules, Fantasy Projections, and Updated Standings immediately after every game. Very Useful for Fantasy Football Apps. NOW ALSO WITH BETTING / GAMBLING ODDS SCHEDULES HAVE BEEN UPDATED FOR CURRENT SEASON (2024-2025) Includes player news, fantasy news, and top headlines, all updated multiple times an hour.",https://www.tank01.com,,2024-09-26 18:10:14.381521+00:00,12,tank01,$0.00/mo,"Requests - 1,000 / Month - Hard Limit",,1000 requests per hour,$10.00/mo,"Requests - 1,000 / Day - + $0.01",,-,$25.00/mo,"Requests - 15,000 / Day - + $0.01",,-,$100.00/mo,"Requests - 500,000 / Day - + $0.01",,-
Real-Time Web Search,https://rapidapi.com/letscrape-6bRBa3QguO5/api/real-time-web-search,9.9,99%,1206ms,99%,Data,1569,v1,"Ultra-Fast, Scalable, and Reliable Google Web Searches (Organic SERP).",https://www.openwebninja.com,,2024-09-27 15:10:14.466759+00:00,7,OpenWeb Ninja,$0.00/mo,Requests - 100 / Month - Hard Limit,,1 requests per second,$25.00/mo,"Requests - 20,000 / Month - + $0.002",,10 requests per second,$75.00/mo,"Requests - 100,000 / Month - + $0.001",,20 requests per second,$150.00/mo,"Requests - 300,000 / Month - + $0.0005",,30 requests per second
Streaming Availability,https://rapidapi.com/movie-of-the-night-movie-of-the-night-default/api/streaming-availability,9.9,100%,1495ms,98%,Movies,13791,v4,"Netflix, Prime, Disney, HBO, Hulu and many others. Lookup which shows are available on streaming services across 60 countries",https://www.movieofthenight.com/,,2024-05-30 15:10:15.501542+00:00,31,Movie of the Night,$0.00/mo,API Request - 100 / Day - Hard Limit,[V1 & V2] Leaving | [V1 & V2] Changes | [V1 & V2] Pro Featuers | [V1 & V2] Basic Features | [V1 & V2] Ultra Featuers | [V3 & V4] All Endpoints | [V1 & V2] Base Utilities,10 requests per second,$19.90/mo,"API Request - 25,000 / Month - Hard Limit",[V1 & V2] Leaving | [V1 & V2] Changes | [V1 & V2] Pro Featuers | [V1 & V2] Basic Features | [V1 & V2] Ultra Featuers | [V3 & V4] All Endpoints | [V1 & V2] Base Utilities,15 requests per second,$39.90/mo,"API Request - 100,000 / Month - Hard Limit",[V1 & V2] Leaving | [V1 & V2] Changes | [V1 & V2] Pro Featuers | [V1 & V2] Basic Features | [V1 & V2] Ultra Featuers | [V3 & V4] All Endpoints | [V1 & V2] Base Utilities,20 requests per second,$99.90/mo,"API Request - 1,000,000 / Month - Hard Limit",[V1 & V2] Leaving | [V1 & V2] Changes | [V1 & V2] Pro Featuers | [V1 & V2] Basic Features | [V1 & V2] Ultra Featuers | [V3 & V4] All Endpoints | [V1 & V2] Base Utilities,25 requests per second
Whatsapp Profile Pic,https://rapidapi.com/inutil-inutil-default/api/whatsapp-profile-pic,9.9,100%,405ms,100%,Tools,2323,v1,Fetch and download the profile picture of any whatsapp number.,https://profile-picture.app/,,2024-07-29 15:10:15.483913+00:00,19,inUtil Labs,$0.00/mo,Requests - 10 / Month - Hard Limit,,1000 requests per hour,$55.00/mo,"Requests - 10,000 / Month - Hard Limit",,1 requests per second,$375.00/mo,"Requests - 100,000 / Month - Hard Limit",Double-checker,1 requests per second,$999.00/mo,"Requests - 500,000 / Month - Hard Limit",Double-checker,-
LinkedIn data API,https://rapidapi.com/mgujjargamingm/api/linkedin-data-scraper,9.9,98%,1452ms,89%,Data,4006,1.0.0,"Scrapes Linkedin company & profile data, Linkedin company jobs and Linkedin company & profile posts. You can also search for people, companies and jobs from linkedin.",,,2024-09-27 15:10:11.952708+00:00,28,EZ,$0.00/mo,Requests - 50 / Month - Hard Limit,Confused about pricing?,1000 requests per hour,$40.00/mo,"Requests - 20,000 / Month - + $0.001",Confused about pricing?,1 requests per second,$100.00/mo,"Requests - 60,000 / Month - + $0.001",Confused about pricing?,1 requests per second,$400.00/mo,"Requests - 400,000 / Month - + $0.001",Confused about pricing?,1 requests per second
Youtube v3,https://rapidapi.com/ytdlfree/api/youtube-v31,9.9,100%,490ms,100%,Data,36596,v1,Get youtube data without any youtube data api key,https://t.me/api_chat_support,,2024-04-30 15:10:13.125562+00:00,35,ytdlfree,$0.00/mo,Requests - 500 / Day - Hard Limit,,1000 requests per hour,$60.00/mo,"Requests - 2,000,000 / Month - + $0.00003",,5 requests per second,$180.00/mo,"Requests - 6,000,000 / Month - + $0.00003",,8 requests per second,$300.00/mo,"Requests - 10,000,000 / Month - + $0.00003",,10 requests per second
BIN/IP Checker,https://rapidapi.com/trade-expanding-llc-trade-expanding-llc-default/api/bin-ip-checker,9.9,99%,181ms,89%,Business Software,5457,v1,"Shield your business from fraud effortlessly with our powerful, free BIN lookup API. Prevent fraudulent credit card transactions with ease by verifying, validating, and scrutinizing card details using BIN numbers. Our extensive database, boasting millions of BINs, ensures unparalleled accuracy, giving you peace of mind in every transaction. Harness the power of our BIN lookup solution to safeguard your revenue and maintain security for your business. --(Just Updated)",https://bincheck.io,,2024-09-27 15:10:12.977987+00:00,15,Trade Expanding LLC,$0.00/mo,Requests - 500 / Month - Hard Limit,BIN/IP Checker | BIN Checker,1000 requests per hour,$19.99/mo,"Requests - 25,000 / Month - Hard Limit",BIN/IP Checker | BIN Checker,-,$34.99/mo,"Requests - 100,000 / Month - Hard Limit",BIN/IP Checker | BIN Checker,-,$79.99/mo,"Requests - 500,000 / Month - Hard Limit",BIN/IP Checker | BIN Checker,-
The Old Bird,https://rapidapi.com/omarmhaimdat/api/twitter154,9.9,100%,1489ms,100%,Data,7029,0.1.0,"Introducing ""The Old Bird"" API, a robust API designed to unlock valuable Twitter data effortlessly. With this API, you can access tweet details, user followers, followings, post engagements, and more. Explore top, latest, videos, photos, and people through our comprehensive search functionality. Retrieve user-specific information, including tweets, replies, media, likes, and profile details by username or ID.",,,2024-09-27 15:10:11.904788+00:00,44,Omar M'Haimdat,$0.00/mo,AI - - | Translation - - | Requests - 200 / Month - Hard Limit,,-,$19.99/mo,"AI - - | Translation - - | Requests - 10,000 / Month - Hard Limit",,-,$49.99/mo,"AI - - | Translation - - | Requests - 100,000 / Month - Hard Limit",Retweets lookup,-,$299.99/mo,"AI - 10,000 / Month - Hard Limit | Translation - 1,000,000 / Month - Hard Limit | Requests - 1,000,000 / Month - Hard Limit",Retweets lookup | AI | Translation,"1,000,000 / Month"
Fresh LinkedIn Profile Data,https://rapidapi.com/freshdata-freshdata-default/api/fresh-linkedin-profile-data,9.9,100%,1795ms,96%,Data,5656,v1,"A powerful API for LinkedIn scraping: sales navigator search at scale, profile details, company details, posts, jobs, and more. This API scrapes data directly from LinkedIn upon request, providing you with real-time information ‚Äì no stale or cached data. Trusted by numerous AI startups around the world.",,,2024-09-27 15:10:12.015528+00:00,135,FreshData,$0.00/mo,credits - 100 / Month - Hard Limit | Requests - 150 / Month - Hard Limit,LinkedIn Company Data | LinkedIn Job Search | LinkedIn Company Posts | LinkedIn Profile Posts | LinkedIn Profile Data,150 / Month,$45.00/mo,"credits - 4,500 / Month - + $0.012 | Requests - 6,000 / Month - Hard Limit",LinkedIn Company Data | LinkedIn Job Search | LinkedIn Company Posts | LinkedIn Profile Posts | LinkedIn Profile Data | Sales Navigator Search,"6,000 / Month",$250.00/mo,"credits - 32,000 / Month - + $0.008 | Requests - 40,000 / Month - Hard Limit",LinkedIn Company Data | LinkedIn Job Search | LinkedIn Company Posts | LinkedIn Profile Posts | LinkedIn Profile Data | Sales Navigator Search,"40,000 / Month","$1,000.00/mo","credits - 200,000 / Month - + $0.006 | Requests - 240,000 / Month - Hard Limit",LinkedIn Company Data | LinkedIn Job Search | LinkedIn Company Posts | LinkedIn Profile Posts | LinkedIn Profile Data | Sales Navigator Search,"240,000 / Month"
Real-Time LinkedIn Scraper,https://rapidapi.com/rockapis-rockapis-default/api/linkedin-api8,9.9,100%,1067ms,100%,Data,3492,1.0.0,"A reliable API to search & scrape LinkedIn jobs, profiles (all profile details, skills, work experience, **open to work** status, course, education, given & received recommendation), last activity date, and companies. %100 live data, no dead data! **For any questions or requests, please feel free to leave a message in the Discussions or PM channels.** **Please contact us if you need a custom package** for high limits, you can take a look https://rapidapi.com/rockapis-rockapis-default/api/linkedin-data-api",,,2024-09-27 09:10:12.030235+00:00,113,RockApis,$0.00/mo,Credits - 50 / Month - Hard Limit | Requests - 75 / Month - Hard Limit,,75 / Month,$5.00/mo,"Credits - 500 / Month - + $0.015 | Requests - 1,000 / Month - Hard Limit",,"1,000 / Month",$8.00/mo,"Credits - 1,000 / Month - + $0.012 | Requests - 2,500 / Month - Hard Limit",,"2,500 / Month",$50.00/mo,"Credits - 10,000 / Month - + $0.007 | Requests - 30,000 / Month - Hard Limit",,"30,000 / Month"
RocketAPI for Instagram,https://rapidapi.com/rocketapi/api/rocketapi-for-instagram,9.9,100%,2057ms,100%,Social,8687,v1,"üöÄ Fast and stable Instagram API. Scrape any information from IG: user infos, media, stories, comments and more. Don't miss! Custom plans and crypto payments are available on request ‚Äì feel free to contact us https://t.me/rocketapi or contact@rocketapi.io. We will be happy to help you integrate the API into your system.",https://rocketapi.io,,2024-09-27 15:10:13.014154+00:00,13,RocketAPI,$0.00/mo,Requests - 100 / Month - Hard Limit,,1 requests per second,$9.90/mo,"Requests - 10,000 / Month - + $0.003",,8 requests per second,$49.90/mo,"Requests - 50,000 / Month - + $0.002",,16 requests per second,$99.90/mo,"Requests - 100,000 / Month - + $0.001",,32 requests per second
Custom QR Code with Logo,https://rapidapi.com/qrcode-monkey/api/custom-qr-code-with-logo,9.9,98%,953ms,98%,Tools,388,v1,"Create unique looking QR codes with logo, color and design as PNG, SVG, PDF or EPS. QR Codes can be generated in high quality for print and professional use cases. Extended documentation can be found here: https://www.qrcode-monkey.com/qr-code-api-with-logo",https://www.qrcode-monkey.com/qr-code-api-with-logo,,2022-09-28 15:10:15.626889+00:00,21,qrcode-monkey,$9.00/mo,Requests - 200 / Month - + $0.04,,3 requests per second,$19.00/mo,"Requests - 1,000 / Month - + $0.02",,3 requests per second,$99.00/mo,"Requests - 10,000 / Month - + $0.01",,3 requests per second,,,,
Taobao DataHub,https://rapidapi.com/ecommdatahub/api/taobao-datahub,9.9,99%,1154ms,99%,ECommerce,283,v1,üöÄ Exciting News: New Taobao (Ê∑òÂÆù) and Tmall (Â§©Áå´) API Services are Available to Use Now! Get the Real Deal!,,,2024-06-29 15:10:14.522790+00:00,5,eCommerce DataHub,$0.00/mo,Advanced Requests - 50 / Month - Hard Limit | Requests - 100 / Month - Hard Limit,Predictable Schema,100 / Month,$29.99/mo,"Advanced Requests - 1,000 / Day - + $0.01 | Requests - 4,000 / Day - + $0.005","Predictable Schema | Customer Support
RapidAPI Support System","4,000 / Day",$74.99/mo,"Advanced Requests - 2,500 / Day - + $0.006 | Requests - 10,000 / Day - + $0.002","Predictable Schema | Customer Support
+ Email Support","10,000 / Day",$149.99/mo,"Advanced Requests - 5,000 / Day - + $0.0036 | Requests - 15,000 / Day - + $0.001","Predictable Schema | Customer Support
+ Livechat Support","15,000 / Day"
Auto Download All In One,https://rapidapi.com/nguyenmanhict-MuTUtGWD7K/api/auto-download-all-in-one,9.9,100%,1511ms,100%,Media,772,v2,"Tiktok, Douyin, Capcut, Threads, Instagram, Facebook, Espn, Pinterest, imdb, imgur, ifunny, Izlesene, Reddit, Youtube, Twitter, Vimeo, Snapchat, Bilibili, Dailymotion, Sharechat, Likee, Linkedin, Tumblr, Hipi, Telegram, Getstickerpack, Bitchute, Febspot, 9GAG, oke.ru, Rumble, Streamable, Ted, SohuTv, Xvideos, Xnxx, Xiaohongshu, Ixigua, Weibo, Miaopai, Meipai, Xiaoying, National Video, Yingke, Sina, Soundcloud, Mixcloud, Spotify, Zingmp3, Bandcamp.",https://j2download.com,,2024-09-27 15:10:14.431611+00:00,24,manh'g,$0.00/mo,Requests - 100 / Month - + $0.001,,1 requests per second,$9.00/mo,"Requests - 160,000 / Month - + $0.01",,3 requests per second,$26.00/mo,"Requests - 620,000 / Month - + $0.001",,5 requests per second,$58.00/mo,"Requests - 1,600,000 / Month - + $0.0001",,6 requests per second
Tiktok Scraper,https://rapidapi.com/tikwm-tikwm-default/api/tiktok-scraper7,9.9,100%,747ms,100%,Social,4809,v1,"The best Tiktok Scraper, cheap, fast, stable, supports getting videos in original quality. Our API enables you to get data from Tiktok, including Trends, Users, Posts, Posts, Comments, Followers, Followers. If you need a larger package, or have any suggestions, please send us your message through the About page.",,,2024-09-27 15:10:13.184181+00:00,24,TIKWM,$0.00/mo,Scraping API - 300 / Month - Hard Limit | Removed_1 - 300 / Month - Hard Limit | Removed_2 - 10 / Month - Hard Limit,,300 / Month,$59.00/mo,"Scraping API - 3,000,000 / Month - + $0.00003 | Removed_1 - 3,000,000 / Month - + $0.00003 | Removed_2 - -",Support,"3,000,000 / Month",$159.00/mo,"Scraping API - 20,000,000 / Month - + $0.00001 | Removed_1 - 20,000,000 / Month - + $0.00001 | Removed_2 - 1,000,000 / Month - + $0.0002",Support,"20,000,000 / Month",$399.00/mo,"Scraping API - Unlimited | Removed_1 - Unlimited | Removed_2 - 5,000,000 / Month - + $0.00005",Support,Unlimited
Website Contacts Scraper,https://rapidapi.com/letscrape-6bRBa3QguO5/api/website-contacts-scraper,9.9,100%,1615ms,99%,Data,2650,v1,"Fast and Reliable Extraction of Emails, Phone Numbers, and Social Links from a Website Domain in Real-Time (Facebook, TikTok, Instagram, Twitter, and others).",https://www.openwebninja.com?utm_source=rapidapi_wcs,,2024-09-27 15:10:13.146723+00:00,1,OpenWeb Ninja,$0.00/mo,Requests - 50 / Month - Hard Limit,,1 requests per second,$25.00/mo,"Requests - 10,000 / Month - + $0.003",,5 requests per second,$75.00/mo,"Requests - 50,000 / Month - + $0.002",,10 requests per second,$150.00/mo,"Requests - 200,000 / Month - + $0.001",,20 requests per second
IG Data,https://rapidapi.com/logicbuilder/api/instagram-data1,9.9,93%,1791ms,76%,Social,5975,v1,Real-time IG data API. Get very useful and unique information directly from IG. I'm on Telegram https://t.me/logicBuilder News and announcements Telegram Channel https://t.me/logicApi,,,2023-11-02 15:10:14.190033+00:00,22,logicbuilder,$0.00/mo,Requests - 25 / Month - Hard Limit,,1000 requests per hour,$19.99/mo,"Requests - 15,000 / Month - Hard Limit",,-,$69.99/mo,"Requests - 55,000 / Month - Hard Limit",,-,$199.99/mo,"Requests - 200,000 / Month - Hard Limit",,-
Bulk Whatsapp Validator,https://rapidapi.com/inutil-inutil-default/api/bulk-whatsapp-validator,9.8,100%,890ms,100%,Tools,1089,v1,"Perform a bulk WhatsApp check of up to 1,000 numbers per request to find out if a number is registered.",https://mobile-validator.app/,,2024-09-27 15:10:11.739416+00:00,4,inUtil Labs,$0.00/mo,Requests - 10 / Month - Hard Limit,batch of 10 numbers per request,1000 requests per hour,$45.00/mo,"Requests - 10,000 / Month - Hard Limit",batch of 10 numbers per request | batch of 100 numbers per request,1 requests per second,$250.00/mo,"Requests - 100,000 / Month - Hard Limit",batch of 10 numbers per request | batch of 100 numbers per request | batch of 1000 numbers per request,1 requests per second,$450.00/mo,"Requests - 200,000 / Month - Hard Limit",batch of 10 numbers per request | batch of 100 numbers per request | batch of 1000 numbers per request,1 requests per second
Airbnb,https://rapidapi.com/DataCrawler/api/airbnb19,9.9,100%,1080ms,100%,Travel,3049,v1,"Airbnb API allows users to search accommodations by location, place name, and GEO coordinates to find a place to rent. This API has all needed by any developer to create a new application with some extended features.",,,2024-09-27 15:10:14.365395+00:00,10,DataCrawler,$0.00/mo,Basic - 10 / Month - Hard Limit,,1 requests per second,$7.99/mo,"Basic - 4,000 / Month - + $0.0055",,1 requests per second,$45.00/mo,"Basic - 40,000 / Month - + $0.005",,90 requests per minute,$200.00/mo,"Basic - 700,000 / Month - + $0.0045",,-
Instagram Statistics API,https://rapidapi.com/artemlipko/api/instagram-statistics-api,9.9,100%,427ms,99%,Social,1925,v1,"Instagram, Twitter, TikTok, YouTube, Facebook, Telegram. Followers, Audience demographics, Fake Followers, Mentions, Quality Score, hashtags, IGTV, ads, Audience quality, Engagement Rate. Business and Influencers audience demographics, interest categories. Search accounts by country, demographics, category and more metrics. One integration with all social networks! Universal API social media. Obtaining the distribution of subscribers by age groups. Analysis of the most active age categories. The ratio of men to women among subscribers. Determining the most active gender among the audience. Distribution of subscribers by countries and cities. Analysis of the geographical concentration of the audience. Determining the main languages spoken by subscribers. Analysis of the audience's language preferences. Determining the peak activity time of subscribers (e.g., by hours or days of the week). Analysis of interactions (likes, comments) based on demographic characteristics. Get historical data. Get Instagram audience demographics. Influencers API. Instagram followers history.",,,2024-09-27 15:10:15.594118+00:00,21,Artem Lipko,$0.00/mo,Requests - 10 / Month - Hard Limit,General information | Content statistics | Demography | Content feed | Catalog | All networks,1000 requests per hour,$75.00/mo,"Requests - 10,000 / Month - Hard Limit",General information | Content statistics | Demography | Content feed | Catalog | All networks,-,$189.00/mo,"Requests - 50,000 / Month - Hard Limit",General information | Content statistics | Demography | Content feed | Catalog | All networks,-,$390.00/mo,"Requests - 150,000 / Month - + $0.0006",General information | Content statistics | Demography | Content feed | Catalog | All networks,-
CustomJS,https://rapidapi.com/technologycircle-gmbh-technologycircle-gmbh-default/api/customjs,9.8,99%,516ms,99%,Data,2699,v1,Write and run you custom JavaScript code in Integromat.,https://customjs.space,,2023-11-02 15:10:15.642998+00:00,0,TechnologyCircle GmbH,$0.00/mo,Requests - 20 / Day - Hard Limit,,1000 requests per hour,$9.99/mo,Requests - 100 / Day - Hard Limit,,-,$29.00/mo,Requests - 500 / Day - Hard Limit,Implementation Support,-,$99.00/mo,"Requests - 5,000 / Day - + $0.01",Implementation Support,-
OpenALPR,https://rapidapi.com/matthill5/api/openalpr,9.6,100%,932ms,97%,Visual Recognition,197,v1,"The OpenALPR Cloud API is a web-based service that analyzes images for license plates as well as vehicle information such as make, model, and color. The Cloud API service is easy to integrate into your application via a web-based REST service. When you send image data to the OpenALPR API, we process that data and return JSON data describing the license plate and vehicle.",,,2019-09-29 15:10:15.564458+00:00,1,Matthew Hill,$0.00/mo,"Requests - 2,000 / Month - + $0.001",,,$49.00/mo,"Requests - 50,000 / Month - + $0.001",,,$195.00/mo,"Requests - 250,000 / Month - + $0.0007",,,$995.00/mo,"Requests - 2,000,000 / Month - + $0.0005",,
Yahu Financials,https://rapidapi.com/apidojo/api/yahoo-finance1,9.9,100%,1940ms,100%,Finance,50114,v1,This API reproduces live PUBLIC data and features of YH. The response data is always live and synced with the site at request time. You are going to get almost everything that you see PUBLICLY on the site.,https://finance.yahoo.com/,,2024-09-27 15:10:12.928193+00:00,26,Api Dojo,$0.00/mo,Requests - 500 / Month - Hard Limit,,5 requests per second,$10.00/mo,"Requests - 10,000 / Month - + $0.002",,5 requests per second,$30.00/mo,"Requests - 50,000 / Month - + $0.001",,5 requests per second,$300.00/mo,"Requests - 2,500,000 / Month - + $0.001",,10 requests per second
Twitter,https://rapidapi.com/Glavier/api/twitter135,9.9,100%,1186ms,98%,Social,5646,v1,"Twitter / X public and private data API for search, posts, users, followers, images, media and more.",,,2024-09-27 15:10:13.201757+00:00,29,Glavier,$0.00/mo,Requests - 100 / Month - Hard Limit,,5 requests per second,$20.00/mo,"Requests - 10,000 / Month - + $0.001",,5 requests per second,$50.00/mo,"Requests - 100,000 / Month - + $0.001",,5 requests per second,$300.00/mo,"Requests - 1,000,000 / Month - + $0.001",,10 requests per second
LiveScore,https://rapidapi.com/apidojo/api/livescore6,9.9,100%,2096ms,100%,Sports,15106,v1,"This API helps to query for football, cricket, basketball, tennis, hockey matches, leagues, news, etc... to create a sporting site/application such as livescore.com",https://www.livescore.com/,,2024-05-30 15:10:14.343237+00:00,33,Api Dojo,$0.00/mo,Requests - 500 / Month - Hard Limit,,5 requests per second,$10.00/mo,"Requests - 10,000 / Month - + $0.002",,5 requests per second,$30.00/mo,"Requests - 50,000 / Month - + $0.001",,5 requests per second,$300.00/mo,Requests - Unlimited,,5 requests per second
Google Search,https://rapidapi.com/herosAPI/api/google-search74,9.9,65%,4576ms,65%,Search,2953,v1,"Google Search API. Search the world‚Äôs information, including webpages, related keywords and more.",,,2022-09-28 15:10:13.030713+00:00,13,herosAPI,$0.00/mo,Requests - 100 / Month - Hard Limit,,5 requests per second,$30.00/mo,"Requests - 10,000 / Month - + $0.003",,5 requests per second,$100.00/mo,"Requests - 100,000 / Month - + $0.001",,5 requests per second,$200.00/mo,"Requests - 1,000,000 / Month - + $0.001",,5 requests per second
instagram,https://rapidapi.com/3205/api/instagram120,9.9,99%,2192ms,99%,Social,1309,v1,"Fetch any data from Instagram: photo and video links, profile info, stories, highlights. Uptime 97%. All the latest 2024 updates!",,,2024-06-29 15:10:15.469665+00:00,6,9527,$1.00/mo,Requests - 300 / Month - Hard Limit,,,$19.00/mo,"Requests - 10,000 / Month - Hard Limit",Proxy,,$59.00/mo,"Requests - 60,000 / Month - Hard Limit",Proxy,,$279.00/mo,"Requests - 500,000 / Month - Hard Limit",Proxy,
Instagram Scraper API,https://rapidapi.com/social-api1-instagram/api/instagram-scraper-api2,9.9,100%,3539ms,92%,Social,9269,v1,Stable Instagram Data API 2024,,,2024-09-27 15:10:11.920862+00:00,114,Social API,$0.00/mo,Requests - 500 / Month - Hard Limit,All,1000 requests per hour,$15.00/mo,"Requests - 30,000 / Month - + $0.001",All,240 requests per minute,$140.00/mo,"Requests - 200,000 / Month - + $0.0008",All,10 requests per second,$700.00/mo,"Requests - 1,000,000 / Month - + $0.0008",All,20 requests per second
RTO Vehicle Information Verification India,https://rapidapi.com/aitanlabs0/api/rto-vehicle-information-verification-india,9.9,89%,6455ms,88%,Transportation,2837,1.1.2,"This Vehicle API let's you fetch any Indian Vehicle‚Äôs full Information in detail through it‚Äôs Registration Number/License Plate. This API has the capability to retrieve the below information, Name, Address, Vehicle Details, Financer Details, RC details, RTO based registration number, Insurance Details, Chassis Number, Registration Number, Fuel Description, Vehicle Fitness, PUC Info And much more.",https://www.aitanlabs.com/,,2024-07-29 15:10:14.294143+00:00,10,Aitan Labs,$0.00/mo,Requests - 5 / Month - Hard Limit,,1000 requests per hour,$49.00/mo,"Requests - 1,500 / Month - Hard Limit",,1 requests per second,$229.00/mo,"Requests - 7,500 / Month - Hard Limit",,2 requests per second,$670.00/mo,"Requests - 25,000 / Month - Hard Limit",,4 requests per second
Twitter API,https://rapidapi.com/alexanderxbx/api/twitter-api45,9.9,100%,2257ms,100%,Social,3392,v1,Don't hesitate to contact me on Telegram @AlexanderVikhorev or via email alexander.xbx@gmail.com :),,,2024-09-21 15:10:11.774316+00:00,32,Alexander Vikhorev,$0.00/mo,"Requests - 1,000 / Month - Hard Limit",Search rate limits,1000 requests per hour,$10.00/mo,"Requests - 100,000 / Month - + $0.0001",Search rate limits,-,$75.00/mo,"Requests - 1,500,000 / Month - + $0.00008",Search rate limits,-,$500.00/mo,"Requests - 10,000,000 / Month - + $0.00006",Search rate limits,-
Google News,https://rapidapi.com/bfd-id/api/google-news13,9.9,100%,914ms,100%,"News, Media",3552,v1,Provide real-time news and articles sourced from Google News.,,,2024-04-30 15:10:12.897078+00:00,12,BFD,$0.00/mo,Requests - 25 / Month - Hard Limit,,1 requests per second,$25.00/mo,"Requests - 10,000 / Month - Hard Limit",,5 requests per second,$50.00/mo,"Requests - 25,000 / Month - Hard Limit",,10 requests per second,$100.00/mo,Requests - Unlimited,,10 requests per second
Pinnacle Odds,https://rapidapi.com/tipsters/api/pinnacle-odds,9.9,100%,119ms,98%,Sports,4128,v1,"Pinnacle Sport API is a RESTful service for getting pre-match and live odds. Historical odds, score and results. Updates without delay. Sports: Soccer, tennis, basketball, hockey, american football, MMA, baseball. **Support**: [tipsters@rapi.one](mailto:tipsters@rapi.one) / t.me/api_tipsters **Other sports api:** https://rapi.one",https://rapi.one/,,2024-04-30 15:10:12.996720+00:00,34,Tipsters CO,$0.00/mo,Request - 550 / Month - Hard Limit,,5 requests per second,$10.00/mo,"Request - 5,000 / Month - + $0.003",,5 requests per second,$39.00/mo,"Request - 51,000 / Month - + $0.003",,7 requests per second,$99.00/mo,Request - Unlimited,,10 requests per second
Instagram API 2023,https://rapidapi.com/mrngstar/api/instagram-api-20231,9.9,100%,1545ms,100%,Social,1308,9bc0aaaf-de9a-47dc-b4ba-6c37d265cfef,"Best Instagram Scraper API 2024 ‚óè Fast & Very Stable Instagram API ‚óè 100% real-time data, no cache, advanced profile, bulk likes, hidden insights & more ‚óè Priority Support (t.me/mrngstar_rapid)",,,2024-09-27 15:10:14.504991+00:00,11,mrngstar,$0.00/mo,Special Endpoints - 20 / Month - Hard Limit | Requests - 20 / Month - Hard Limit,"Advance Profile | Special Endpoints (Hidden Insights, Bulk Media Likes)",20 / Month,$9.90/mo,"Special Endpoints - 5,000 / Month - Hard Limit | Requests - 10,000 / Month - Hard Limit","Advance Profile | Special Endpoints (Hidden Insights, Bulk Media Likes)","10,000 / Month",$18.00/mo,"Special Endpoints - 12,500 / Month - Hard Limit | Requests - 25,000 / Month - Hard Limit","Advance Profile | Special Endpoints (Hidden Insights, Bulk Media Likes)","25,000 / Month",$33.90/mo,"Special Endpoints - 25,000 / Month - Hard Limit | Requests - 50,000 / Month - Hard Limit","Advance Profile | Special Endpoints (Hidden Insights, Bulk Media Likes)","50,000 / Month"
Instagram Looter,https://rapidapi.com/iq.faceok/api/instagram-looter2,9.9,99%,2862ms,99%,Social,2299,v1,Access Instagram Data with Precision and Speed! Utilize Intelligent Request Filtering for Guaranteed 99.99% Response.,https://lonar.net/,,2024-09-27 15:10:12.959685+00:00,20,Lonar services,$0.00/mo,Requests - 150 / Month - Hard Limit,,1000 requests per hour,$9.90/mo,"Requests - 15,000 / Month - Hard Limit",,10 requests per second,$27.90/mo,"Requests - 75,000 / Month - + $0.001",,30 requests per second,$75.90/mo,"Requests - 250,000 / Month - + $0.0005",,60 requests per second
YouTube Media Downloader,https://rapidapi.com/DataFanatic/api/youtube-media-downloader,9.9,100%,1643ms,87%,Data,4275,V2,"A scraper API for YouTube search and download. Get videos, subtitles, comments without age or region limits (proxy URL supported).",,,2024-09-27 15:10:14.245087+00:00,17,DataFanatic,$0.00/mo,Requests - 150 / Month - Hard Limit,,15 requests per minute,$12.00/mo,"Requests - 4,000 / Day - Hard Limit",,2 requests per second,$24.00/mo,"Requests - 400,000 / Month - Hard Limit",,4 requests per second,$72.00/mo,"Requests - 1,500,000 / Month - Hard Limit",,6 requests per second
Jobs API,https://rapidapi.com/Pat92/api/jobs-api14,9.9,100%,621ms,100%,Jobs,1333,v1,"Access the global job listing by using Google Jobs webscraping. This API allows you to discover employment opportunities from various providers, including but not limited to LinkedIn, Indeed, Jooble, ZipRecruiter, Glassdoor, and many other sources.",,,2024-09-21 15:10:15.578895+00:00,11,Patrick,$0.00/mo,Requests - 50 / Month - Hard Limit,,1000 requests per hour,$10.00/mo,"Requests - 20,000 / Month - + $0.01",,5 requests per second,$20.00/mo,"Requests - 60,000 / Month - + $0.005",,10 requests per second,$40.00/mo,"Requests - 200,000 / Month - + $0.001",,20 requests per second
YT-API,https://rapidapi.com/ytjar/api/yt-api,9.9,100%,599ms,100%,Data,5740,V2,"An all-in-one Youtube API solution. It provides both data and stream or download info. API solutions for video, shorts, channel, search, playlist, trending, comments, shorts sound attribution, hashtag, URL resolving, etc",https://t.me/api_chat_support,,2024-09-21 15:10:11.721915+00:00,25,ytjar,$0.00/mo,Requests - 500 / Day - Hard Limit,Fast Streaming | Proxy Support,1000 requests per hour,$48.00/mo,"Requests - 2,100,000 / Month - Hard Limit",Fast Streaming | Proxy Support | Live Stream | HLS Support,-,$144.00/mo,"Requests - 5,300,000 / Month - Hard Limit",Fast Streaming | Proxy Support | Live Stream | HLS Support,-,$240.00/mo,"Requests - 8,500,000 / Month - + $0.00003",Fast Streaming | Proxy Support | Live Stream | HLS Support,-
Zillow,https://rapidapi.com/s.mahmoud97/api/zillow56,9.9,99%,619ms,99%,Data,4938,v1,"Access US and CA property data in JSON, CSV, or Excel formats. Search listings, compare zestimate home values, and discover agent details.",,,2024-07-29 15:10:13.165590+00:00,42,Sabri,$0.00/mo,Requests - 30 / Month - Hard Limit,,1 requests per second,$20.00/mo,"Requests - 15,000 / Month - + $0.01",,2 requests per second,$40.00/mo,"Requests - 40,000 / Month - + $0.005",,2 requests per second,$170.00/mo,"Requests - 200,000 / Month - + $0.003",,3 requests per second
TwttrAPI,https://rapidapi.com/twttrapi-twttrapi-default/api/twttrapi,9.9,100%,828ms,100%,Social,1806,v1,"twttrapi is an unofficial API for a social media platform that provides a user-friendly interface for accessing data and performing actions using simple HTTP requests. With twttrapi, you can easily retrieve posts, users, search results, follow accounts, like posts, repost, create and delete posts, and access direct messages.",https://twttrapi.com,,2024-07-29 15:10:13.094881+00:00,19,twttrapi,$0.00/mo,Notifications/Friendships/Profile Update - 50 / Month - + $0.0001 | Create/Follow/Like/Retweet - 50 / Month - + $0.0001 | Upload - 50 / Month - + $0.0001 | Scraping & Search - 50 / Month - + $0.0001 | Direct Messages - - | Login - 10 / Month - + $0.0001,"Support
Yes",50 / Month,$59.00/mo,"Notifications/Friendships/Profile Update - 2,000,000 / Month - + $0.0001 | Create/Follow/Like/Retweet - 2,000,000 / Month - + $0.0001 | Upload - 50,000 / Month - + $0.001 | Scraping & Search - 1,000,000 / Month - + $0.0001 | Direct Messages - 1,000,000 / Month - + $0.0001 | Login - 10,000 / Month - + $0.01","Support
Fast Support!","2,000,000 / Month",$119.00/mo,"Notifications/Friendships/Profile Update - 4,000,000 / Month - + $0.0001 | Create/Follow/Like/Retweet - 4,000,000 / Month - + $0.0001 | Upload - 100,000 / Month - + $0.001 | Scraping & Search - 2,000,000 / Month - + $0.0001 | Direct Messages - 2,000,000 / Month - + $0.0001 | Login - 20,000 / Month - + $0.01","Support
Fast Support!","4,000,000 / Month",$329.00/mo,"Notifications/Friendships/Profile Update - 8,000,000 / Month - + $0.0001 | Create/Follow/Like/Retweet - 8,000,000 / Month - + $0.0001 | Upload - 500,000 / Month - + $0.001 | Scraping & Search - 8,000,000 / Month - + $0.0001 | Direct Messages - 8,000,000 / Month - + $0.0001 | Login - 30,000 / Month - + $0.01","Support
VIP Support!","8,000,000 / Month"
Instagram Scraper API,https://rapidapi.com/mrngstar/api/instagram-scraper-api3,9.9,100%,1810ms,100%,Social,1101,v1,"Stable Instagram Scraper API 2024 ‚óè Fast & Very Stable Instagram API ‚óè 100% real-time data, no cache ‚óè Priority Support (t.me/mrngstar_rapid)",,,2024-09-27 15:10:11.999189+00:00,11,mrngstar,$0.00/mo,Requests - 30 / Month - Hard Limit,All,1000 requests per hour,$15.00/mo,"Requests - 20,000 / Month - Hard Limit",All,2 requests per second,$70.00/mo,"Requests - 100,000 / Month - Hard Limit",All,10 requests per second,$330.00/mo,"Requests - 500,000 / Month - Hard Limit",All,20 requests per second
Whatsapp Data,https://rapidapi.com/airaudoeduardo/api/whatsapp-data1,9.9,100%,2745ms,95%,Social,1140,v1,For enterprise plans or customization contact admin@checkleaked.cc Retrieve Whatsapp Public Profile Data Try it: https://whatsapp.checkleaked.cc/,https://whatsapp.checkleaked.cc/,,2024-09-26 23:10:15.549319+00:00,9,CheckLeakedCC,$0.00/mo,"Requests - 1,000 / Month - Hard Limit",,1000 requests per hour,$5.00/mo,"Requests - 5,000 / Month - + $0.01",,2 requests per second,$10.00/mo,"Requests - 50,000 / Month - + $0.01",,2 requests per second,$20.00/mo,"Requests - 500,000 / Month - + $0.01",,2 requests per second
Real-Time Finance Data,https://rapidapi.com/letscrape-6bRBa3QguO5/api/real-time-finance-data,9.9,100%,669ms,100%,Finance,5077,v2,"Get Stock, Index, Market Quotes and Trends, ETF, International Exchanges / Forex, Crypto, Related News and Analytics in Real-Time from Google Finance & Other Sources.",https://www.openwebninja.com,,2024-09-27 15:10:14.311712+00:00,9,OpenWeb Ninja,$0.00/mo,Requests - 100 / Month - Hard Limit,,1000 requests per hour,$25.00/mo,"Requests - 20,000 / Month - + $0.002",,5 requests per second,$75.00/mo,"Requests - 100,000 / Month - + $0.001",,10 requests per second,$150.00/mo,"Requests - 500,000 / Month - + $0.0005",,20 requests per second
Local Business Data,https://rapidapi.com/letscrape-6bRBa3QguO5/api/local-business-data,9.9,100%,1385ms,100%,Data,5200,v2,"Fast, Reliable, and Extensive Local Business & POI Data - Address, Website, Phone, Email, Rating & Reviews, and 40+ More Data Points from Google Maps in Real-Time.",https://www.openwebninja.com?utm_source=rapidapi_lbd,,2024-09-27 15:10:11.855905+00:00,42,OpenWeb Ninja,$0.00/mo,"Requests - 500,000 / Month - Hard Limit | Businesses - 500 / Month - Hard Limit",,500 / Month,$25.00/mo,"Requests - 500,000 / Month - Hard Limit | Businesses - 20,000 / Month - + $0.003",,"20,000 / Month",$75.00/mo,"Requests - 500,000 / Month - Hard Limit | Businesses - 100,000 / Month - + $0.002",,"100,000 / Month",$150.00/mo,"Requests - 500,000 / Month - Hard Limit | Businesses - 300,000 / Month - + $0.001",,"300,000 / Month"
Axesso - Amazon Data Service,https://rapidapi.com/axesso/api/axesso-amazon-data-service1,9.8,100%,4791ms,98%,ECommerce,1117,v1,"Our Axesso Amazon API delivers in-depth and realtime data, encompassing everything from titles and manufacturers to reviews, sizes, prices, seller details, deals and beyond from all Amazon marketplaces. This service is comparable to the Amazon Product Advertising API, but presented in a more condensed manner. Find further information in our documentation https://axesso.developer.azure-api.net/api-details#api=axesso-amazon-data-service&operation=product-details. Reach out to us to explore private plans tailored to your specific needs or to discuss customization options. Connect with us at support@axesso.de",https://axesso.de/,,2024-09-27 15:10:14.260440+00:00,7,Axesso,$0.00/mo,Requests - 100 / Month - + $0.05,,2 requests per second,$50.00/mo,"Requests - 15,000 / Month - + $0.009",,5 requests per second,$200.00/mo,"Requests - 100,000 / Month - + $0.006",,200 requests per minute,$450.00/mo,"Requests - 500,000 / Month - + $0.002",,300 requests per minute
Seeking Alpha,https://rapidapi.com/apidojo/api/seeking-alpha,9.9,99%,2499ms,99%,Finance,6422,v1,"Query for news, market moving, price quotes, chart, indices, analysis from investors and experts, etc...",http://seekingalpha.com,,2024-09-27 15:10:13.080795+00:00,12,Api Dojo,$0.00/mo,Requests - 500 / Month - Hard Limit,Overcome bot defender layer,5 requests per second,$20.00/mo,"Requests - 10,000 / Month - + $0.003",Overcome bot defender layer,5 requests per second,$100.00/mo,"Requests - 50,000 / Month - + $0.002",Overcome bot defender layer,5 requests per second,$500.00/mo,"Requests - 1,000,000 / Month - + $0.001",Overcome bot defender layer,10 requests per second
TokApi - mobile version,https://rapidapi.com/Sonjik/api/tokapi-mobile-version,9.9,100%,1123ms,94%,Social,3185,0.0.1,Highly available **unofficial tiktok mobile** API. We are doing our best for make your life easy. Bigger API plans and additional functionality are available on request.,https://tokapi.online/,,2024-09-27 15:10:13.049783+00:00,32,Somjik,$0.00/mo,Requests - 100 / Month - Hard Limit,Trending | Hashtag (Challenge) | Music | Video | Effects | User | Search | Location | Shop | Live,10 requests per minute,$12.99/mo,"Requests - 1,500,000 / Month - + $0.00002",Trending | Hashtag (Challenge) | Music | Video | Effects | User | Search | Location | Services,180 requests per minute,$29.99/mo,"Requests - 5,000,000 / Month - + $0.000015",Trending | Hashtag (Challenge) | Music | Video | Effects | User | Search | Location | Services | Shop,420 requests per minute,$49.99/mo,"Requests - 13,000,000 / Month - + $0.00001",Trending | Hashtag (Challenge) | Music | Video | Effects | User | Search | Location | Services | Shop,900 requests per minute
FlashLive Sports,https://rapidapi.com/tipsters/api/flashlive-sports,9.9,100%,730ms,74%,Sports,2974,v1,"FlashLive Sports provides the fastest live scores, standings and detailed stats. FlashLive covers thousands of competitions in 30+ sports. Soccer, football, baseball, tennis, basketball, hockey, golf mma, cricket, darts. Translation of players, teams and leagues (25 languages). You can make a website like: flashscore.com, or (tipsscore.com, livescore.com) **Support**: [tipsters@rapi.one](mailto:tipsters@rapi.one) / t.me/api_tipsters",,,2024-04-30 15:10:14.210819+00:00,22,Tipsters CO,$0.00/mo,Requests - 500 / Month - Hard Limit,,5 requests per second,$10.00/mo,"Requests - 10,000 / Month - + $0.002",,5 requests per second,$39.00/mo,"Requests - 75,000 / Month - + $0.002",,7 requests per second,$99.00/mo,Requests - Unlimited,,10 requests per second
JSearch,https://rapidapi.com/letscrape-6bRBa3QguO5/api/jsearch,9.9,99%,1503ms,99%,Data,27162,v1,"Fast and Reliable Job Searches on All Public Job Sites: LinkedIn, Indeed, Glassdoor, ZipRecruiter, and Others in Real-Time from Google for Jobs.",https://www.openwebninja.com?utm_source=rapidapi_js,,2024-09-27 15:10:13.109833+00:00,61,OpenWeb Ninja,$0.00/mo,Requests - 200 / Month - Hard Limit,,1000 requests per hour,$25.00/mo,"Requests - 10,000 / Month - + $0.003",,5 requests per second,$75.00/mo,"Requests - 50,000 / Month - + $0.002",,10 requests per second,$150.00/mo,"Requests - 200,000 / Month - + $0.001",,20 requests per second
Zillow.com,https://rapidapi.com/apimaker/api/zillow-com1,9.9,100%,1115ms,100%,Data,3363,v1,"üî• Zillow API. US and CA real-time real estate data. Search by address, coordinates and MLS, skip trace/tracing. Get similar properties for sale or sold property, Zestimate (rent estimate) Zillow. Highly maintained API. Check out our Tutorial tab. API Creator: Apimaker",,,2024-09-27 15:10:11.985120+00:00,20,apimaker,$0.00/mo,Requests - 100 / Month - + $0.04,,10 requests per minute,$25.00/mo,"Requests - 13,000 / Month - + $0.01",,2 requests per second,$60.00/mo,"Requests - 45,000 / Month - + $0.005",,3 requests per second,$250.00/mo,"Requests - 130,000 / Month - + $0.004",,5 requests per second
ScrapTik,https://rapidapi.com/scraptik-api-scraptik-api-default/api/scraptik,9.9,100%,1461ms,100%,Social,5542,v1,"ScrapTik is the MOST popular TikTok API and TikTok scraping solution on RapidAPI, unlocking TikTok data for you at scale. As the most stable and always-maintained option available, ScrapTik empowers you to seamlessly access data from the TikTok mobile app, including user, post, music, search, feeds, comments, followers, and trends. Our comprehensive toolkit also includes advanced features like X-Argus, X-Ladon, X-Gorgon generation, challenge resolution, and device registration. With frequent updates and a commitment to customer satisfaction, ScrapTik is the ideal choice for all your TikTok API needs and we're happy to serve agencies, software services, and more at scale. ScrapTik is the: ‚ú® Most popular TikTok data solution on RapidAPI. ‚ú® Most frequently updated and maintained. TikTok changes its data structure often, other providers have not been updated in over a year. ‚ú® Most comprehensive in terms of API endpoints and tools. ‚ú® Least expensive on a per-request basis, especially for enterprise usage. Interested in a custom plan beyond what's listed (# of requests per month or more requests per second)? Fill out our form at https://scraptik.com",https://scraptik.com,,2024-07-29 15:10:11.808898+00:00,33,scraptik-labs,$0.00/mo,Requests - - | Login & Device Registration - - | TikTok Advanced API - - | TikTok API - 50 / Month - Hard Limit,,-,$99.00/mo,"Requests - 400,000 / Month - + $0.0006 | Login & Device Registration - 100 / Month - + $0.25 | TikTok Advanced API - 200,000 / Month - + $0.0006 | TikTok API - 200,000 / Month - + $0.0006",Support,100 / Month,$599.00/mo,"Requests - 2,000,000 / Month - + $0.0002 | Login & Device Registration - 500 / Month - + $0.25 | TikTok Advanced API - 1,000,000 / Month - + $0.0002 | TikTok API - 1,000,000 / Month - + $0.0002",Support,500 / Month,$899.00/mo,"Requests - 6,000,000 / Month - + $0.0001 | Login & Device Registration - 1,500 / Month - + $0.25 | TikTok Advanced API - 3,000,000 / Month - + $0.0001 | TikTok API - 3,000,000 / Month - + $0.0001",Support,"1,500 / Month"
Instagram Scraper 2022,https://rapidapi.com/arraybobo/api/instagram-scraper-2022,9.9,99%,3284ms,99%,Social,11664,v1,API Instagram. Get a lot of information from Instagram consistently and quickly! `Uptime: 99.97%` Support: [@api_profi](https://t.me/api_profi) Channel: [@ig_api](https://t.me/ig_api) Site: [apiprofi.com](https://apiprofi.com),https://apiprofi.com,,2024-07-29 15:10:11.936487+00:00,95,illusion,$0.00/mo,Requests - 30 / Month - Hard Limit | All - 30 / Month - Hard Limit,All,30 / Month,$9.90/mo,"Requests - - | All - 10,000 / Month - Hard Limit",All,"10,000 / Month",$27.90/mo,"Requests - - | All - 50,000 / Month - Hard Limit",All,"50,000 / Month",$75.90/mo,"Requests - - | All - 150,000 / Month - + $0.0006",All,"150,000 / Month"
Booking COM,https://rapidapi.com/DataCrawler/api/booking-com15,9.9,100%,1418ms,100%,Travel,4484,1.0.0,"This API enables you to search for real-time hotel, flight, rental car, and taxi prices, as well as attractions. To create a travel website like Booking.com, Booking, Skyscanner, AirBnb, TripAdvisor, and Agaoda. On a real-time basis, this API reproduces public data.",,,2024-09-27 15:10:13.063735+00:00,35,DataCrawler,$0.00/mo,requests - 20 / Month - Hard Limit | Premium - 10 / Month - Hard Limit,,10 / Month,$7.99/mo,"requests - 25,000 / Month - + $0.0015 | Premium - 2,000 / Month - + $0.002",,"2,000 / Month",$50.00/mo,"requests - 200,000 / Month - + $0.0015 | Premium - 12,000 / Month - + $0.02",,"12,000 / Month",$100.00/mo,"requests - 2,000,000 / Month - + $0.0009 | Premium - 100,000 / Month - + $0.001",,"100,000 / Month"
Google Map Places,https://rapidapi.com/gmapplatform/api/google-map-places,9.9,100%,110ms,100%,Location,493,v1,Get original Google Maps Places API for much less $.,,,2024-06-29 15:10:14.229898+00:00,7,Gmap Platform,$0.00/mo,Requests - 100 / Day - Hard Limit,,1000 requests per hour,$9.99/mo,"Requests - 20,000 / Month - Hard Limit",,5 requests per second,$29.00/mo,"Requests - 75,000 / Month - Hard Limit",,10 requests per second,$299.00/mo,"Requests - 2,000,000 / Month - Hard Limit",,50 requests per second
Colorize Photo,https://rapidapi.com/palette-app-palette-app-default/api/colorize-photo1,9.6,100%,1739ms,100%,Artificial Intelligence/Machine Learning,63,0.2.0,Use Palette's new AI engine (which powers 2.8 Millon users) to colorize your photos.,https://palette.fm/,,2024-09-27 15:10:15.533848+00:00,2,Palette AI,$0.00/mo,"Credits - 200 / Month - + $0.01 | Health Checks - 10 / Day - Hard Limit | Requests - 10,000 / Month - Hard Limit",,10 / Day,$39.00/mo,"Credits - 8,000 / Month - + $0.005 | Health Checks - - | Requests - 50,000 / Month - Hard Limit",,-,$79.00/mo,"Credits - 20,000 / Month - + $0.004 | Health Checks - - | Requests - 100,000 / Month - Hard Limit",,-,$169.00/mo,"Credits - 48,000 / Month - + $0.0035 | Health Checks - - | Requests - 1,000,000 / Month - Hard Limit",,-
Flights Scraper,https://rapidapi.com/ntd119/api/sky-scanner3,9.9,100%,2098ms,99%,Travel,3340,v1,"Real-time data, unofficial API skyscanner.com, query hotels, flights, car hire (car rental). API searches and compares hotel and rental car options to help them find the best deal for their journey.",,,2024-09-27 03:10:14.166490+00:00,61,Things4u,$0.00/mo,Requests - 100 / Month - Hard Limit,,1000 requests per hour,$15.00/mo,"Requests - 35,000 / Month - Hard Limit",,-,$35.00/mo,"Requests - 110,000 / Month - Hard Limit",,-,$100.00/mo,"Requests - 1,000,000 / Month - Hard Limit",,-
Twttr API,https://rapidapi.com/davethebeast/api/twitter241,9.9,100%,1216ms,100%,Social,3368,v1,"Introducing a powerful Twttr API with endpoints to help you access valuable Twttr data. With our Twttr API, you can easily retrieve twetts details, user followers and followings, post likes, comments, quoted twetts, and retwetts. You can also search for top, latest, videos, photos, and people, and access user twetts, replies, media, likes, and info by username or ID. Additionally, Dave tw√≠·∫ó·∫ó√´rest API autocomplete function helps you complete typed values with ease. We will add much more endpoints as time goes on. Get started with Dave tw√≠·∫ó·∫ó√´rest API today! For requests and improvements add me on telegram @tonexman or contact me through email davodsonlib@gmail.com.",,,2024-09-27 15:10:13.247742+00:00,30,davethebeast,$0.00/mo,Requests - 500 / Month - Hard Limit,,1 requests per second,$25.00/mo,"Requests - 100,000 / Month - Hard Limit",,10 requests per second,$80.00/mo,"Requests - 500,000 / Month - Hard Limit",,10 requests per second,$150.00/mo,"Requests - 1,500,000 / Month - Hard Limit",,10 requests per second
Bet365 API Inplay,https://rapidapi.com/apinotdance/api/bet365-api-inplay,9.9,100%,95ms,100%,Sports,805,v1,Inplay/Prematch Bet365 with events/score/markets/odds/ev_link. Update every second!,,,2024-09-27 15:10:15.451521+00:00,8,apinotdance,$0.00/mo,Requests - 50 / Day - Hard Limit,,1000 requests per hour,$100.00/mo,"Requests - 3,833,333 / Month - + $0.01",,1000 requests per minute,$150.00/mo,"Requests - 5,500,000 / Month - + $0.001",,3000 requests per minute,$200.00/mo,"Requests - 7,166,666 / Month - + $0.0001",,99999999 requests per hour
Cricbuzz Cricket,https://rapidapi.com/cricketapilive/api/cricbuzz-cricket,9.9,100%,123ms,100%,Sports,12029,v1,"This API helps to query for live cricket scores, commentary, latest cricket news and editorials, schedules of upcoming matches, rankings, stats, records, etc",https://www.cricbuzz.com/,,2024-09-27 15:10:14.450846+00:00,43,Cricket API,$0.00/mo,Requests - 100 / Day - Hard Limit,,5 requests per second,$9.99/mo,"Requests - 20,000 / Month - Hard Limit",,10 requests per second,$29.99/mo,"Requests - 75,000 / Month - Hard Limit",,25 requests per second,$279.99/mo,"Requests - 3,000,000 / Month - Hard Limit",,50 requests per second
Instagram,https://rapidapi.com/Instagapicom/api/instagram243,9.9,100%,2734ms,100%,Social,4562,v1,Fast Live Instagram API. All information from Instagram consistently and quickly! It makes 3 times in the backend request for you to get 100% successful response. Need help or custom plan? https://www.instagapi.com | https://t.me/instagapi,https://www.instagapi.com,,2024-09-27 15:10:11.872560+00:00,39,Instagapicom,$0.00/mo,Requests - 50 / Month - Hard Limit,,1000 requests per hour,$9.90/mo,"Requests - 3,000 / Month - Hard Limit",,60 requests per minute,$54.90/mo,"Requests - 40,000 / Month - + $0.0026",,100 requests per minute,$129.00/mo,"Requests - 140,000 / Month - + $0.0018",,125 requests per minute
ScrapeNinja,https://rapidapi.com/restyler/api/scrapeninja,9.9,99%,2972ms,98%,Data,15709,v1,"Web scraping API. Two rendering engines, smart retries, rotating proxies. Alternative to Puppeteer and Playwright. Fast, reliable, simple.",https://scrapeninja.net,,2024-09-27 15:10:13.226519+00:00,17,Anthony,$0.00/mo,JS enabled requests - 50 / Month - Hard Limit | Non-JS Requests - 500 / Month - Hard Limit,,500 / Month,$25.00/mo,"JS enabled requests - 10,000 / Month - + $0.002 | Non-JS Requests - 100,000 / Month - + $0.001",,"100,000 / Month",$75.00/mo,"JS enabled requests - 50,000 / Month - + $0.004 | Non-JS Requests - 500,000 / Month - + $0.0004",Premium 4G proxies,"500,000 / Month",$150.00/mo,"JS enabled requests - 150,000 / Month - + $0.0015 | Non-JS Requests - 1,500,000 / Month - + $0.0001",Premium 4G proxies | Optional own proxy,"1,500,000 / Month"
Twitter api v1.1 Enterprise,https://rapidapi.com/huojiecs/api/twitter-api-v1-1-enterprise,9.9,100%,567ms,100%,Social,483,v1,"Twitter, twitter api, twitters ,tweets, tw, FollowerIds, friendsIds and other enterprise-level APIs ÔºàContact informationÔºö https://discord.gg/3JSAja7Rbr Ôºåtelegram: yue0215 / yang0619 , QQ:125569489 , gmail: huojiecs@gmail.comÔºâ",https://twitter.utools.me/,,2024-09-27 15:10:14.487410+00:00,12,diaya,$0.00/mo,Requests - 50 / Month - Hard Limit,getFollwersList | allTest | getFollwersIds,1000 requests per hour,$9.90/mo,"Requests - 15,000 / Month - + $0.001",getFollwersList | allTest | getFollwersIds,6 requests per second,$19.90/mo,"Requests - 150,000 / Month - + $0.001",getFollwersList | allTest | getFollwersIds,9 requests per second,$99.90/mo,"Requests - 1,200,000 / Month - + $0.001",getFollwersList | allTest | getFollwersIds,15 requests per second
Aliexpress DataHub,https://rapidapi.com/ecommdatahub/api/aliexpress-datahub,9.9,100%,1383ms,100%,ECommerce,2697,v1,ü•á#1 Data Provider. Real-Time product data API you've been looking for. No manual rules or web-scraper maintenance is required.,https://www.ecommdatahub.com/,,2024-07-29 15:10:14.415572+00:00,5,eCommerce DataHub,$0.00/mo,Exclusive Requests - 10 / Month - Hard Limit | Requests - 100 / Month - Hard Limit,Predictable Schema,100 / Month,$7.99/mo,Exclusive Requests - 30 / Month - Hard Limit | Requests - 300 / Day - + $0.01,Predictable Schema | Customer Support,300 / Day,$24.99/mo,"Exclusive Requests - 100 / Month - Hard Limit | Requests - 1,750 / Day - + $0.001",Predictable Schema | Customer Support,"1,750 / Day",$74.99/mo,"Exclusive Requests - 1,500 / Month - + $0.001 | Requests - 50,000 / Day - + $0.00015",Predictable Schema | Customer Support,"50,000 / Day"
SportAPI,https://rapidapi.com/rapidsportapi/api/sportapi7,9.9,100%,116ms,92%,Sports,2357,v1,"Our topmost priority is quality of service - this is always working and can be used in long term projects. Sofascore is the most powerful sports API for live scores and football scores, results and stats. And not just football ‚Äì choose from more than 20+ sports, 5000+ leagues and tournaments, millions of events and many esports competitions. Analyze almost any live score and statistics on the planet.",,,2024-04-30 15:10:12.912428+00:00,23,rapidsportapi,$0.00/mo,Requests - 50 / Month - Hard Limit,,1000 requests per hour,$15.00/mo,"Requests - 15,000 / Month - + $0.003",,20 requests per second,$100.00/mo,"Requests - 150,000 / Month - + $0.002",,50 requests per second,$500.00/mo,"Requests - 2,000,000 / Month - + $0.001",,100 requests per second
Tripadvisor,https://rapidapi.com/DataCrawler/api/tripadvisor16,9.9,100%,1139ms,100%,Travel,7098,v1,"Tripadvisor API helps to query realtime Hotels search, Flights prices, Restaurants, Attracting locations, etc to create a travelling site.",,,2024-06-29 15:10:11.757466+00:00,26,DataCrawler,$0.00/mo,Requests - 50 / Month - Hard Limit,,1000 requests per hour,$7.99/mo,"Requests - 5,500 / Month - + $0.01",,-,$50.00/mo,"Requests - 70,000 / Month - + $0.008",,-,$349.00/mo,Requests - Unlimited,,-
Moz DA PA,https://rapidapi.com/oceanrock/api/moz-da-pa1,9.9,100%,576ms,100%,Tools,606,v1,"100% Genuine DA, PA with number of backlinks from Moz. This API gives you same results as Moz and provides real data. It gives you Domain Authority, Page Authority, External nofollow urls to url, External urls to url and Spam Score. Our DA/PA API is 100% authentic and reliable.",,,2024-06-29 15:10:15.610196+00:00,5,Fast APIs,$0.00/mo,Requests - 50 / Month - Hard Limit,,1000 requests per hour,$19.00/mo,"Requests - 7,000 / Month - + $0.01",,1000 requests per hour,$49.00/mo,"Requests - 25,000 / Month - + $0.01",,1 requests per second,$99.00/mo,"Requests - 100,000 / Month - + $0.01",,1 requests per second
Real-Time Amazon Data,https://rapidapi.com/letscrape-6bRBa3QguO5/api/real-time-amazon-data,9.9,100%,2106ms,100%,ECommerce,7688,v2,"Fast and Reliable Product Searches, Reviews, Best Sellers, Deals, Seller Data and more on Amazon in Real-Time.",https://www.openwebninja.com?utm_source=rapidapi_rtad,,2024-09-27 15:10:11.889548+00:00,57,OpenWeb Ninja,$0.00/mo,Requests - 100 / Month - Hard Limit,,1000 requests per hour,$25.00/mo,"Requests - 10,000 / Month - + $0.003",,10 requests per second,$75.00/mo,"Requests - 50,000 / Month - + $0.002",,20 requests per second,$150.00/mo,"Requests - 200,000 / Month - + $0.001",,30 requests per second
API-FOOTBALL,https://rapidapi.com/api-sports/api/api-football,10,100%,282ms,100%,Sports,30396,v1,"+1 100 football leagues & cups. Livescore (15s), live & pre-match odds, events, line-ups, coachs, players, top scorers, standings, statistics, transfers, predictions. Documentation : https://www.api-football.com/documentation-v3. Widgets : https://www.api-football.com/widgets",https://www.api-football.com,,2024-04-30 15:10:11.825027+00:00,117,API-SPORTS,$0.00/mo,Requests - 100 / Day - + $0.005,"Leagues | Fixtures | Pre-matchs Odds | Standings | Countries & Seasons | Teams | Line Ups | Statistics, predictions | Events | Players, TopScorers, Transfers, Coachs",30 requests per minute,$19.00/mo,"Requests - 7,500 / Day - + $0.0025","Leagues | Fixtures | Pre-matchs Odds | Standings | Countries & Seasons | Teams | Line Ups | Statistics, predictions | Events | Players, TopScorers, Transfers, Coachs",300 requests per minute,$29.00/mo,"Requests - 75,000 / Day - + $0.0015","Leagues | Fixtures | Pre-matchs Odds | Standings | Countries & Seasons | Teams | Line Ups | Statistics, predictions | Events | Players, TopScorers, Transfers, Coachs",450 requests per minute,$39.00/mo,"Requests - 150,000 / Day - + $0.001","Leagues | Fixtures | Pre-matchs Odds | Standings | Countries & Seasons | Teams | Line Ups | Statistics, predictions | Events | Players, TopScorers, Transfers, Coachs",900 requests per minute
LinkedIn BULK data API,https://rapidapi.com/mgujjargamingm/api/linkedin-bulk-data-scraper,9.9,95%,2470ms,91%,Data,2657,1.0.1,Scrapes linkedin profile and company data in bulk. This API can scrape 50 person profiles / company profiles in a go. Plus it can mass scrape other data from linkedin.,,,2024-09-27 15:10:11.969043+00:00,13,EZ,$0.00/mo,Requests - 150 / Month - Hard Limit,HOW IT WORKS,1000 requests per hour,$40.00/mo,"Requests - 20,000 / Month - Hard Limit",HOW IT WORKS,1 requests per second,$100.00/mo,"Requests - 60,000 / Month - Hard Limit",HOW IT WORKS,10 requests per second,$400.00/mo,"Requests - 400,000 / Month - + $0.001",HOW IT WORKS,25 requests per second
Google Translate,https://rapidapi.com/googlecloud/api/google-translate1,9.9,100%,603ms,85%,Text Analysis,53807,v1,Dynamically translate between languages.,,,2020-09-28 15:10:11.791536+00:00,27,Google Cloud,$0.00/mo,Characters - 500 / Month - Hard Limit,,5 requests per second,$20.00/mo,"Characters - 1,000,000 / Month - Hard Limit",,-,$40.00/mo,"Characters - 2,000,000 / Month - Hard Limit",,-,$80.00/mo,"Characters - 4,000,000 / Month - Hard Limit",,-
Twitter API,https://rapidapi.com/restocked-gAGxip8a_/api/twitter-api47,9.9,100%,1409ms,94%,Social,850,v2,"Get access to Twitter public data with our fast, reliable and easy to use API",,,2024-09-24 15:10:14.327644+00:00,7,Ryan,$0.00/mo,"Requests - 3,000 / Month - Hard Limit",,1000 requests per hour,$17.00/mo,"Requests - 100,000 / Month - Hard Limit",,60 requests per minute,$77.00/mo,"Requests - 500,000 / Month - Hard Limit",,120 requests per minute,$197.00/mo,"Requests - 2,000,000 / Month - Hard Limit",,180 requests per minute
Real-Time LinkedIn Scraper API,https://rapidapi.com/rockapis-rockapis-default/api/linkedin-data-api,9.9,100%,1897ms,100%,Data,5332,v2,"A reliable API to search & scrape LinkedIn jobs, profiles (all profile details, **open to work** status, skills, work experience, education, course, given & received recommendation), last activity date, and companies. %100 live data, no dead data! **For any questions or requests, please feel free to leave a message in the Discussions or PM channels.** **Please contact us if you need a custom package** for cheap packages, you can take a look https://rapidapi.com/rockapis-rockapis-default/api/linkedin-api8",,,2024-09-27 09:10:12.044599+00:00,94,RockApis,$0.00/mo,Credits - 50 / Month - Hard Limit | Requests - 75 / Month - Hard Limit,,75 / Month,$175.00/mo,"Credits - 50,000 / Month - + $0.004 | Requests - 100,000 / Month - Hard Limit",,"100,000 / Month",$300.00/mo,"Credits - 100,000 / Month - + $0.0035 | Requests - 200,000 / Month - Hard Limit",,"200,000 / Month",$500.00/mo,"Credits - 200,000 / Month - + $0.0025 | Requests - 400,000 / Month - Hard Limit",,"400,000 / Month"
Deep Translate,https://rapidapi.com/gatzuma/api/deep-translate1,9.9,100%,1318ms,100%,Translation,5031,v1,100x cheaper than Google Translate. Same API. Same quality.,,,2024-03-01 16:10:11.840891+00:00,25,Serge,$0.00/mo,"Characters - 200,000 / Month - Hard Limit | Requests - 500,000 / Month - Hard Limit",Translation | Language Detection,"500,000 / Month",$9.00/mo,"Characters - 10,000,000 / Month - Hard Limit | Requests - 800,000 / Month - Hard Limit",Translation | Language Detection,"800,000 / Month",$49.00/mo,"Characters - 100,000,000 / Month - Hard Limit | Requests - 800,000 / Month - Hard Limit",Translation | Language Detection,"800,000 / Month",$199.00/mo,"Characters - 1,000,000,000 / Month - Hard Limit | Requests - 800,000 / Month - Hard Limit",Translation | Language Detection | Reports & Metrics,"800,000 / Month"
Tiktok API,https://rapidapi.com/Lundehund/api/tiktok-api23,9.9,100%,550ms,100%,Social,525,v1,"Lightweight and complete TikTok API. We offer more than 30 endpoints, including important ones like Post, Search, User, Shop and Ads, Trending Tiktok API. We consistently maintain and update additional APIs to make your work more convenient.",,,2024-09-27 15:10:14.276662+00:00,6,apibox,$0.00/mo,Requests - 100 / Month - Hard Limit,,1000 requests per hour,$9.99/mo,"Requests - 200,000 / Month - + $0.00004",,100 requests per minute,$19.99/mo,"Requests - 400,000 / Month - + $0.000035",,150 requests per minute,$59.99/mo,"Requests - 1,000,000 / Month - + $0.00003",Ads and Trending Endpoint,300 requests per minute
Real-Time News Data,https://rapidapi.com/letscrape-6bRBa3QguO5/api/real-time-news-data,9.9,98%,1268ms,97%,"News, Media",2007,v1,"Get Top News Articles Globally, Per Topic & Section or Search Local News from Google News Feed and The Web in Real-Time.",https://www.openwebninja.com,,2024-09-27 15:10:12.943162+00:00,2,OpenWeb Ninja,$0.00/mo,Requests - 100 / Month - Hard Limit,,1 requests per second,$25.00/mo,"Requests - 20,000 / Month - + $0.003",,10 requests per second,$75.00/mo,"Requests - 100,000 / Month - + $0.002",,20 requests per second,$150.00/mo,"Requests - 200,000 / Month - + $0.001",,30 requests per second
BreachDirectory,https://rapidapi.com/rohan-patra/api/breachdirectory,9.8,100%,200ms,100%,Data,11788,v1,"Check if an email, username, password, or phone number was compromised in a data breach.",https://breachdirectory.org/,,2023-11-02 15:10:14.397156+00:00,59,Advanced Dev,$0.00/mo,Requests - 10 / Month - Hard Limit,Passwords | Hashes | Sources | Leak Rate,1 requests per second,$7.99/mo,"Requests - 1,000 / Month - + $0.1",Passwords | Hashes | Sources | Leak Rate,3 requests per second,$49.99/mo,"Requests - 200,000 / Month - + $0.01",Passwords | Hashes | Sources | Leak Rate | Domains,3 requests per second,$29.99/mo,"Requests - 50,000 / Month - + $0.01",Passwords | Hashes | Sources | Leak Rate,3 requests per second
